user_id,name,email,signup_date
1,User 1,user1@example.com,2025-05-31 14:23:21.680670
2,User 2,user2@example.com,2025-11-20 14:23:21.680701
3,User 3,user3@example.com,2025-10-09 14:23:21.680709
4,User 4,user4@example.com,2025-04-04 14:23:21.680713
5,User 5,user5@example.com,2025-08-27 14:23:21.680716
6,User 6,user6@example.com,2025-12-31 14:23:21.680719
7,User 7,user7@example.com,2025-06-25 14:23:21.680721
8,User 8,user8@example.com,2025-06-11 14:23:21.680723
9,User 9,user9@example.com,2025-07-29 14:23:21.680727
10,User 10,user10@example.com,2025-06-23 14:23:21.680729
11,User 11,user11@example.com,2025-02-17 14:23:21.680731
12,User 12,user12@example.com,2025-12-02 14:23:21.680734
13,User 13,user13@example.com,2025-10-07 14:23:21.680736
14,User 14,user14@example.com,2025-01-19 14:23:21.680738
15,User 15,user15@example.com,2025-05-03 14:23:21.680741
16,User 16,user16@example.com,2025-10-15 14:23:21.680743
17,User 17,user17@example.com,2025-08-27 14:23:21.680745
18,User 18,user18@example.com,2025-04-06 14:23:21.680747
19,User 19,user19@example.com,2025-02-14 14:23:21.680749
20,User 20,user20@example.com,2025-06-24 14:23:21.680751
21,User 21,user21@example.com,2025-09-30 14:23:21.680754
22,User 22,user22@example.com,2025-07-12 14:23:21.680756
23,User 23,user23@example.com,2025-05-01 14:23:21.680758
24,User 24,user24@example.com,2025-08-14 14:23:21.680760
25,User 25,user25@example.com,2025-10-09 14:23:21.680761
26,User 26,user26@example.com,2026-01-01 14:23:21.680763
27,User 27,user27@example.com,2025-11-24 14:23:21.680765
28,User 28,user28@example.com,2025-08-31 14:23:21.680767
29,User 29,user29@example.com,2025-04-27 14:23:21.680769
30,User 30,user30@example.com,2025-09-20 14:23:21.680771
31,User 31,user31@example.com,2025-10-02 14:23:21.680773
32,User 32,user32@example.com,2025-01-15 14:23:21.680775
33,User 33,user33@example.com,2025-07-08 14:23:21.680777
34,User 34,user34@example.com,2025-08-19 14:23:21.680780
35,User 35,user35@example.com,2025-10-16 14:23:21.680782
36,User 36,user36@example.com,2025-07-19 14:23:21.680784
37,User 37,user37@example.com,2025-12-24 14:23:21.680786
38,User 38,user38@example.com,2025-08-18 14:23:21.680788
39,User 39,user39@example.com,2025-07-05 14:23:21.680790
40,User 40,user40@example.com,2025-12-09 14:23:21.680791
41,User 41,user41@example.com,2025-04-09 14:23:21.680793
42,User 42,user42@example.com,2025-01-27 14:23:21.680795
43,User 43,user43@example.com,2025-03-27 14:23:21.680797
44,User 44,user44@example.com,2025-07-12 14:23:21.680800
45,User 45,user45@example.com,2025-09-10 14:23:21.680801
46,User 46,user46@example.com,2025-06-22 14:23:21.680804
47,User 47,user47@example.com,2025-01-08 14:23:21.680805
48,User 48,user48@example.com,2025-03-10 14:23:21.680808
49,User 49,user49@example.com,2025-09-02 14:23:21.680810
50,User 50,user50@example.com,2025-08-11 14:23:21.680812
51,User 51,user51@example.com,2025-03-28 14:23:21.680814
52,User 52,user52@example.com,2025-10-09 14:23:21.680816
53,User 53,user53@example.com,2025-02-11 14:23:21.680818
54,User 54,user54@example.com,2025-12-05 14:23:21.680820
55,User 55,user55@example.com,2025-11-02 14:23:21.680822
56,User 56,user56@example.com,2025-10-09 14:23:21.680824
57,User 57,user57@example.com,2025-11-18 14:23:21.680825
58,User 58,user58@example.com,2025-02-18 14:23:21.680827
59,User 59,user59@example.com,2025-06-04 14:23:21.680829
60,User 60,user60@example.com,2025-10-07 14:23:21.680832
61,User 61,user61@example.com,2025-09-09 14:23:21.680833
62,User 62,user62@example.com,2025-04-28 14:23:21.680835
63,User 63,user63@example.com,2025-05-06 14:23:21.680837
64,User 64,user64@example.com,2025-11-08 14:23:21.680839
65,User 65,user65@example.com,2025-12-25 14:23:21.680841
66,User 66,user66@example.com,2026-01-03 14:23:21.680843
67,User 67,user67@example.com,2025-08-12 14:23:21.680846
68,User 68,user68@example.com,2025-04-23 14:23:21.680848
69,User 69,user69@example.com,2025-05-25 14:23:21.680850
70,User 70,user70@example.com,2025-09-01 14:23:21.680852
71,User 71,user71@example.com,2025-10-17 14:23:21.680854
72,User 72,user72@example.com,2025-04-17 14:23:21.680860
73,User 73,user73@example.com,2025-03-28 14:23:21.680862
74,User 74,user74@example.com,2025-11-30 14:23:21.680864
75,User 75,user75@example.com,2025-07-30 14:23:21.680866
76,User 76,user76@example.com,2025-08-30 14:23:21.680868
77,User 77,user77@example.com,2025-07-04 14:23:21.680870
78,User 78,user78@example.com,2025-01-08 14:23:21.680872
79,User 79,user79@example.com,2025-08-06 14:23:21.680874
80,User 80,user80@example.com,2025-08-04 14:23:21.680876
81,User 81,user81@example.com,2025-05-18 14:23:21.680878
82,User 82,user82@example.com,2025-11-23 14:23:21.680880
83,User 83,user83@example.com,2025-08-29 14:23:21.680882
84,User 84,user84@example.com,2025-04-27 14:23:21.680884
85,User 85,user85@example.com,2025-03-20 14:23:21.680886
86,User 86,user86@example.com,2025-03-27 14:23:21.680888
87,User 87,user87@example.com,2025-04-17 14:23:21.680891
88,User 88,user88@example.com,2025-12-10 14:23:21.680892
89,User 89,user89@example.com,2025-05-07 14:23:21.680894
90,User 90,user90@example.com,2025-02-09 14:23:21.680896
91,User 91,user91@example.com,2025-11-02 14:23:21.680898
92,User 92,user92@example.com,2025-04-14 14:23:21.680900
93,User 93,user93@example.com,2025-03-29 14:23:21.680903
94,User 94,user94@example.com,2025-03-03 14:23:21.680905
95,User 95,user95@example.com,2025-12-18 14:23:21.680907
96,User 96,user96@example.com,2025-08-22 14:23:21.680909
97,User 97,user97@example.com,2025-07-24 14:23:21.680911
98,User 98,user98@example.com,2025-11-06 14:23:21.680913
99,User 99,user99@example.com,2025-11-29 14:23:21.680915
100,User 100,user100@example.com,2025-09-25 14:23:21.680916
101,User 101,user101@example.com,2025-09-17 14:23:21.680918
102,User 102,user102@example.com,2025-01-03 14:23:21.680920
103,User 103,user103@example.com,2025-11-06 14:23:21.680922
104,User 104,user104@example.com,2025-09-29 14:23:21.680924
105,User 105,user105@example.com,2025-10-03 14:23:21.680926
106,User 106,user106@example.com,2025-07-27 14:23:21.680928
107,User 107,user107@example.com,2025-10-10 14:23:21.680930
108,User 108,user108@example.com,2025-03-23 14:23:21.680932
109,User 109,user109@example.com,2025-07-26 14:23:21.680935
110,User 110,user110@example.com,2025-04-07 14:23:21.680937
111,User 111,user111@example.com,2025-04-16 14:23:21.680939
112,User 112,user112@example.com,2025-08-14 14:23:21.680941
113,User 113,user113@example.com,2025-09-22 14:23:21.680943
114,User 114,user114@example.com,2025-05-14 14:23:21.680945
115,User 115,user115@example.com,2025-04-08 14:23:21.680947
116,User 116,user116@example.com,2025-07-13 14:23:21.680949
117,User 117,user117@example.com,2025-02-01 14:23:21.680951
118,User 118,user118@example.com,2025-04-24 14:23:21.680953
119,User 119,user119@example.com,2025-05-14 14:23:21.680955
120,User 120,user120@example.com,2025-03-23 14:23:21.680957
121,User 121,user121@example.com,2025-03-10 14:23:21.680959
122,User 122,user122@example.com,2025-10-15 14:23:21.680962
123,User 123,user123@example.com,2025-05-20 14:23:21.680964
124,User 124,user124@example.com,2025-06-01 14:23:21.680966
125,User 125,user125@example.com,2025-08-11 14:23:21.680968
126,User 126,user126@example.com,2025-09-30 14:23:21.680969
127,User 127,user127@example.com,2025-01-03 14:23:21.680971
128,User 128,user128@example.com,2025-01-26 14:23:21.680973
129,User 129,user129@example.com,2025-02-01 14:23:21.680976
130,User 130,user130@example.com,2025-01-25 14:23:21.680978
131,User 131,user131@example.com,2025-09-21 14:23:21.680980
132,User 132,user132@example.com,2025-10-22 14:23:21.680982
133,User 133,user133@example.com,2025-06-20 14:23:21.680984
134,User 134,user134@example.com,2025-06-17 14:23:21.680986
135,User 135,user135@example.com,2025-03-26 14:23:21.680988
136,User 136,user136@example.com,2025-10-14 14:23:21.680990
137,User 137,user137@example.com,2025-08-21 14:23:21.680992
138,User 138,user138@example.com,2025-05-17 14:23:21.680994
139,User 139,user139@example.com,2025-06-08 14:23:21.680995
140,User 140,user140@example.com,2025-04-21 14:23:21.680997
141,User 141,user141@example.com,2025-03-16 14:23:21.680999
142,User 142,user142@example.com,2025-07-11 14:23:21.681001
143,User 143,user143@example.com,2025-11-19 14:23:21.681003
144,User 144,user144@example.com,2025-10-04 14:23:21.681005
145,User 145,user145@example.com,2025-04-17 14:23:21.681007
146,User 146,user146@example.com,2025-06-16 14:23:21.681009
147,User 147,user147@example.com,2025-03-14 14:23:21.681011
148,User 148,user148@example.com,2025-11-25 14:23:21.681013
149,User 149,user149@example.com,2025-06-11 14:23:21.681015
150,User 150,user150@example.com,2025-11-17 14:23:21.681017
151,User 151,user151@example.com,2025-05-27 14:23:21.681019
152,User 152,user152@example.com,2025-12-23 14:23:21.681021
153,User 153,user153@example.com,2025-05-12 14:23:21.681022
154,User 154,user154@example.com,2025-08-12 14:23:21.681024
155,User 155,user155@example.com,2025-09-06 14:23:21.681026
156,User 156,user156@example.com,2025-04-27 14:23:21.681028
157,User 157,user157@example.com,2025-05-04 14:23:21.681033
158,User 158,user158@example.com,2025-01-10 14:23:21.681035
159,User 159,user159@example.com,2025-11-15 14:23:21.681037
160,User 160,user160@example.com,2025-01-17 14:23:21.681039
161,User 161,user161@example.com,2025-08-27 14:23:21.681041
162,User 162,user162@example.com,2025-07-10 14:23:21.681043
163,User 163,user163@example.com,2025-08-07 14:23:21.681045
164,User 164,user164@example.com,2025-01-20 14:23:21.681047
165,User 165,user165@example.com,2025-01-24 14:23:21.681049
166,User 166,user166@example.com,2025-04-14 14:23:21.681051
167,User 167,user167@example.com,2025-01-19 14:23:21.681053
168,User 168,user168@example.com,2025-07-16 14:23:21.681055
169,User 169,user169@example.com,2025-11-02 14:23:21.681057
170,User 170,user170@example.com,2025-03-24 14:23:21.681058
171,User 171,user171@example.com,2025-04-01 14:23:21.681061
172,User 172,user172@example.com,2025-03-31 14:23:21.681063
173,User 173,user173@example.com,2025-09-28 14:23:21.681064
174,User 174,user174@example.com,2025-12-26 14:23:21.681067
175,User 175,user175@example.com,2025-03-22 14:23:21.681069
176,User 176,user176@example.com,2025-03-17 14:23:21.681071
177,User 177,user177@example.com,2025-03-17 14:23:21.681073
178,User 178,user178@example.com,2025-09-16 14:23:21.681075
179,User 179,user179@example.com,2025-09-19 14:23:21.681076
180,User 180,user180@example.com,2025-04-21 14:23:21.681078
181,User 181,user181@example.com,2025-01-24 14:23:21.681080
182,User 182,user182@example.com,2025-03-30 14:23:21.681082
183,User 183,user183@example.com,2025-03-02 14:23:21.681084
184,User 184,user184@example.com,2025-07-20 14:23:21.681086
185,User 185,user185@example.com,2025-12-28 14:23:21.681088
186,User 186,user186@example.com,2025-02-24 14:23:21.681090
187,User 187,user187@example.com,2025-12-11 14:23:21.681092
188,User 188,user188@example.com,2025-08-22 14:23:21.681094
189,User 189,user189@example.com,2025-06-22 14:23:21.681096
190,User 190,user190@example.com,2025-01-15 14:23:21.681097
191,User 191,user191@example.com,2025-01-25 14:23:21.681099
192,User 192,user192@example.com,2025-01-28 14:23:21.681101
193,User 193,user193@example.com,2025-02-20 14:23:21.681103
194,User 194,user194@example.com,2025-10-01 14:23:21.681105
195,User 195,user195@example.com,2025-01-27 14:23:21.681107
196,User 196,user196@example.com,2025-10-03 14:23:21.681109
197,User 197,user197@example.com,2025-02-14 14:23:21.681111
198,User 198,user198@example.com,2025-05-05 14:23:21.681113
199,User 199,user199@example.com,2025-05-30 14:23:21.681115
200,User 200,user200@example.com,2025-04-25 14:23:21.681117
201,User 201,user201@example.com,2025-08-26 14:23:21.681119
202,User 202,user202@example.com,2025-06-23 14:23:21.681121
203,User 203,user203@example.com,2025-09-28 14:23:21.681123
204,User 204,user204@example.com,2025-07-27 14:23:21.681125
205,User 205,user205@example.com,2025-07-19 14:23:21.681127
206,User 206,user206@example.com,2025-05-09 14:23:21.681129
207,User 207,user207@example.com,2025-11-04 14:23:21.681131
208,User 208,user208@example.com,2025-02-04 14:23:21.681133
209,User 209,user209@example.com,2025-01-17 14:23:21.681135
210,User 210,user210@example.com,2025-07-22 14:23:21.681137
211,User 211,user211@example.com,2025-10-15 14:23:21.681139
212,User 212,user212@example.com,2025-03-13 14:23:21.681141
213,User 213,user213@example.com,2025-09-01 14:23:21.681143
214,User 214,user214@example.com,2025-01-18 14:23:21.681145
215,User 215,user215@example.com,2025-03-06 14:23:21.681147
216,User 216,user216@example.com,2025-03-08 14:23:21.681149
217,User 217,user217@example.com,2025-01-10 14:23:21.681151
218,User 218,user218@example.com,2025-11-27 14:23:21.681153
219,User 219,user219@example.com,2025-02-28 14:23:21.681155
220,User 220,user220@example.com,2025-11-14 14:23:21.681157
221,User 221,user221@example.com,2025-05-23 14:23:21.681159
222,User 222,user222@example.com,2025-03-08 14:23:21.681161
223,User 223,user223@example.com,2025-09-30 14:23:21.681163
224,User 224,user224@example.com,2025-11-12 14:23:21.681165
225,User 225,user225@example.com,2025-02-26 14:23:21.681167
226,User 226,user226@example.com,2025-10-19 14:23:21.681168
227,User 227,user227@example.com,2025-12-10 14:23:21.681171
228,User 228,user228@example.com,2025-01-03 14:23:21.681173
229,User 229,user229@example.com,2025-01-06 14:23:21.681175
230,User 230,user230@example.com,2025-02-11 14:23:21.681177
231,User 231,user231@example.com,2025-11-26 14:23:21.681179
232,User 232,user232@example.com,2025-02-03 14:23:21.681181
233,User 233,user233@example.com,2025-12-12 14:23:21.681183
234,User 234,user234@example.com,2025-09-09 14:23:21.681185
235,User 235,user235@example.com,2025-03-16 14:23:21.681187
236,User 236,user236@example.com,2025-05-01 14:23:21.681189
237,User 237,user237@example.com,2025-10-31 14:23:21.681191
238,User 238,user238@example.com,2025-05-25 14:23:21.681193
239,User 239,user239@example.com,2025-02-25 14:23:21.681194
240,User 240,user240@example.com,2025-03-09 14:23:21.681197
241,User 241,user241@example.com,2025-03-28 14:23:21.681199
242,User 242,user242@example.com,2025-01-17 14:23:21.681204
243,User 243,user243@example.com,2025-01-22 14:23:21.681206
244,User 244,user244@example.com,2025-08-16 14:23:21.681208
245,User 245,user245@example.com,2025-08-30 14:23:21.681210
246,User 246,user246@example.com,2025-02-22 14:23:21.681212
247,User 247,user247@example.com,2025-04-30 14:23:21.681214
248,User 248,user248@example.com,2025-12-15 14:23:21.681216
249,User 249,user249@example.com,2025-10-01 14:23:21.681218
250,User 250,user250@example.com,2025-11-13 14:23:21.681220
251,User 251,user251@example.com,2025-05-19 14:23:21.681222
252,User 252,user252@example.com,2025-12-18 14:23:21.681224
253,User 253,user253@example.com,2025-08-06 14:23:21.681226
254,User 254,user254@example.com,2025-10-03 14:23:21.681228
255,User 255,user255@example.com,2025-07-24 14:23:21.681230
256,User 256,user256@example.com,2025-07-02 14:23:21.681231
257,User 257,user257@example.com,2025-05-20 14:23:21.681233
258,User 258,user258@example.com,2025-06-19 14:23:21.681236
259,User 259,user259@example.com,2025-09-04 14:23:21.681238
260,User 260,user260@example.com,2025-05-28 14:23:21.681240
261,User 261,user261@example.com,2025-04-20 14:23:21.681242
262,User 262,user262@example.com,2025-02-01 14:23:21.681244
263,User 263,user263@example.com,2025-10-01 14:23:21.681246
264,User 264,user264@example.com,2025-10-24 14:23:21.681248
265,User 265,user265@example.com,2025-06-10 14:23:21.681250
266,User 266,user266@example.com,2025-01-07 14:23:21.681252
267,User 267,user267@example.com,2025-04-22 14:23:21.681254
268,User 268,user268@example.com,2025-07-09 14:23:21.681256
269,User 269,user269@example.com,2025-04-17 14:23:21.681258
270,User 270,user270@example.com,2025-02-22 14:23:21.681261
271,User 271,user271@example.com,2025-06-05 14:23:21.681263
272,User 272,user272@example.com,2025-01-29 14:23:21.681265
273,User 273,user273@example.com,2025-02-04 14:23:21.681267
274,User 274,user274@example.com,2025-11-06 14:23:21.681269
275,User 275,user275@example.com,2025-03-01 14:23:21.681271
276,User 276,user276@example.com,2025-11-18 14:23:21.681273
277,User 277,user277@example.com,2025-06-19 14:23:21.681275
278,User 278,user278@example.com,2025-12-03 14:23:21.681277
279,User 279,user279@example.com,2025-12-04 14:23:21.681278
280,User 280,user280@example.com,2025-01-20 14:23:21.681280
281,User 281,user281@example.com,2025-10-14 14:23:21.681282
282,User 282,user282@example.com,2025-02-26 14:23:21.681284
283,User 283,user283@example.com,2025-01-27 14:23:21.681286
284,User 284,user284@example.com,2025-03-14 14:23:21.681289
285,User 285,user285@example.com,2025-08-06 14:23:21.681291
286,User 286,user286@example.com,2025-10-12 14:23:21.681293
287,User 287,user287@example.com,2025-02-04 14:23:21.681294
288,User 288,user288@example.com,2025-11-07 14:23:21.681296
289,User 289,user289@example.com,2025-08-28 14:23:21.681298
290,User 290,user290@example.com,2025-04-11 14:23:21.681300
291,User 291,user291@example.com,2025-11-23 14:23:21.681302
292,User 292,user292@example.com,2025-08-07 14:23:21.681304
293,User 293,user293@example.com,2025-03-20 14:23:21.681306
294,User 294,user294@example.com,2025-08-08 14:23:21.681308
295,User 295,user295@example.com,2025-04-20 14:23:21.681310
296,User 296,user296@example.com,2025-03-09 14:23:21.681312
297,User 297,user297@example.com,2025-04-15 14:23:21.681314
298,User 298,user298@example.com,2025-08-17 14:23:21.681316
299,User 299,user299@example.com,2025-09-27 14:23:21.681318
300,User 300,user300@example.com,2025-11-12 14:23:21.681320
301,User 301,user301@example.com,2025-08-07 14:23:21.681322
302,User 302,user302@example.com,2025-05-02 14:23:21.681324
303,User 303,user303@example.com,2025-02-08 14:23:21.681326
304,User 304,user304@example.com,2025-05-06 14:23:21.681328
305,User 305,user305@example.com,2025-12-25 14:23:21.681330
306,User 306,user306@example.com,2025-03-15 14:23:21.681332
307,User 307,user307@example.com,2025-11-10 14:23:21.681334
308,User 308,user308@example.com,2025-12-02 14:23:21.681336
309,User 309,user309@example.com,2025-06-13 14:23:21.681338
310,User 310,user310@example.com,2025-08-04 14:23:21.681340
311,User 311,user311@example.com,2025-03-28 14:23:21.681342
312,User 312,user312@example.com,2025-03-22 14:23:21.681344
313,User 313,user313@example.com,2025-07-11 14:23:21.681346
314,User 314,user314@example.com,2025-12-02 14:23:21.681348
315,User 315,user315@example.com,2025-01-22 14:23:21.681350
316,User 316,user316@example.com,2025-06-03 14:23:21.681352
317,User 317,user317@example.com,2025-07-10 14:23:21.681354
318,User 318,user318@example.com,2025-06-30 14:23:21.681356
319,User 319,user319@example.com,2025-02-26 14:23:21.681357
320,User 320,user320@example.com,2025-10-07 14:23:21.681359
321,User 321,user321@example.com,2025-09-24 14:23:21.681361
322,User 322,user322@example.com,2025-02-03 14:23:21.681363
323,User 323,user323@example.com,2025-12-05 14:23:21.681366
324,User 324,user324@example.com,2025-04-04 14:23:21.681368
325,User 325,user325@example.com,2025-03-10 14:23:21.681370
326,User 326,user326@example.com,2025-10-18 14:23:21.681371
327,User 327,user327@example.com,2025-10-22 14:23:21.681374
328,User 328,user328@example.com,2025-03-23 14:23:21.681376
329,User 329,user329@example.com,2025-06-20 14:23:21.681378
330,User 330,user330@example.com,2025-05-31 14:23:21.681381
331,User 331,user331@example.com,2025-12-08 14:23:21.681383
332,User 332,user332@example.com,2025-01-22 14:23:21.681385
333,User 333,user333@example.com,2025-01-29 14:23:21.681387
334,User 334,user334@example.com,2025-01-22 14:23:21.681389
335,User 335,user335@example.com,2025-01-20 14:23:21.681391
336,User 336,user336@example.com,2025-11-24 14:23:21.681393
337,User 337,user337@example.com,2025-09-30 14:23:21.681395
338,User 338,user338@example.com,2025-06-08 14:23:21.681397
339,User 339,user339@example.com,2025-05-16 14:23:21.681399
340,User 340,user340@example.com,2025-04-15 14:23:21.681401
341,User 341,user341@example.com,2025-10-08 14:23:21.681403
342,User 342,user342@example.com,2025-10-31 14:23:21.681405
343,User 343,user343@example.com,2025-10-19 14:23:21.681407
344,User 344,user344@example.com,2025-10-12 14:23:21.681409
345,User 345,user345@example.com,2025-10-30 14:23:21.681411
346,User 346,user346@example.com,2025-06-21 14:23:21.681412
347,User 347,user347@example.com,2025-09-22 14:23:21.681414
348,User 348,user348@example.com,2025-05-08 14:23:21.681416
349,User 349,user349@example.com,2025-08-31 14:23:21.681418
350,User 350,user350@example.com,2025-04-08 14:23:21.681420
351,User 351,user351@example.com,2025-12-17 14:23:21.681422
352,User 352,user352@example.com,2025-05-14 14:23:21.681424
353,User 353,user353@example.com,2025-11-10 14:23:21.681426
354,User 354,user354@example.com,2025-12-09 14:23:21.681428
355,User 355,user355@example.com,2025-03-28 14:23:21.681430
356,User 356,user356@example.com,2025-11-22 14:23:21.681432
357,User 357,user357@example.com,2025-04-11 14:23:21.681434
358,User 358,user358@example.com,2025-12-03 14:23:21.681436
359,User 359,user359@example.com,2025-07-24 14:23:21.681438
360,User 360,user360@example.com,2025-09-27 14:23:21.681440
361,User 361,user361@example.com,2025-12-27 14:23:21.681442
362,User 362,user362@example.com,2025-03-15 14:23:21.681444
363,User 363,user363@example.com,2025-08-09 14:23:21.681446
364,User 364,user364@example.com,2025-10-17 14:23:21.681448
365,User 365,user365@example.com,2025-07-31 14:23:21.681450
366,User 366,user366@example.com,2025-08-01 14:23:21.681452
367,User 367,user367@example.com,2025-03-03 14:23:21.681454
368,User 368,user368@example.com,2025-06-29 14:23:21.681457
369,User 369,user369@example.com,2025-03-19 14:23:21.681459
370,User 370,user370@example.com,2025-12-15 14:23:21.681461
371,User 371,user371@example.com,2025-07-22 14:23:21.681463
372,User 372,user372@example.com,2025-12-15 14:23:21.681465
373,User 373,user373@example.com,2025-09-02 14:23:21.681466
374,User 374,user374@example.com,2025-08-22 14:23:21.681468
375,User 375,user375@example.com,2025-08-31 14:23:21.681470
376,User 376,user376@example.com,2025-07-29 14:23:21.681472
377,User 377,user377@example.com,2025-11-04 14:23:21.681474
378,User 378,user378@example.com,2025-07-13 14:23:21.681476
379,User 379,user379@example.com,2025-09-29 14:23:21.681478
380,User 380,user380@example.com,2025-04-02 14:23:21.681480
381,User 381,user381@example.com,2025-01-09 14:23:21.681482
382,User 382,user382@example.com,2025-01-29 14:23:21.681484
383,User 383,user383@example.com,2025-10-21 14:23:21.681486
384,User 384,user384@example.com,2025-05-08 14:23:21.681488
385,User 385,user385@example.com,2025-12-15 14:23:21.681490
386,User 386,user386@example.com,2025-05-14 14:23:21.681492
387,User 387,user387@example.com,2025-09-03 14:23:21.681493
388,User 388,user388@example.com,2025-05-18 14:23:21.681496
389,User 389,user389@example.com,2025-07-21 14:23:21.681498
390,User 390,user390@example.com,2025-03-31 14:23:21.681500
391,User 391,user391@example.com,2025-07-22 14:23:21.681502
392,User 392,user392@example.com,2025-04-25 14:23:21.681504
393,User 393,user393@example.com,2025-10-26 14:23:21.681506
394,User 394,user394@example.com,2025-12-28 14:23:21.681508
395,User 395,user395@example.com,2025-06-24 14:23:21.681510
396,User 396,user396@example.com,2025-05-24 14:23:21.681512
397,User 397,user397@example.com,2025-04-12 14:23:21.681513
398,User 398,user398@example.com,2025-11-15 14:23:21.681514
399,User 399,user399@example.com,2025-09-18 14:23:21.681515
400,User 400,user400@example.com,2025-04-20 14:23:21.681516
401,User 401,user401@example.com,2025-08-20 14:23:21.681517
402,User 402,user402@example.com,2025-07-16 14:23:21.681518
403,User 403,user403@example.com,2025-04-08 14:23:21.681518
404,User 404,user404@example.com,2025-12-01 14:23:21.681519
405,User 405,user405@example.com,2025-05-15 14:23:21.681520
406,User 406,user406@example.com,2025-09-23 14:23:21.681521
407,User 407,user407@example.com,2025-06-13 14:23:21.681522
408,User 408,user408@example.com,2025-07-28 14:23:21.681522
409,User 409,user409@example.com,2025-12-17 14:23:21.681523
410,User 410,user410@example.com,2025-04-14 14:23:21.681524
411,User 411,user411@example.com,2025-01-29 14:23:21.681525
412,User 412,user412@example.com,2025-11-01 14:23:21.681526
413,User 413,user413@example.com,2025-07-16 14:23:21.681526
414,User 414,user414@example.com,2025-09-30 14:23:21.681527
415,User 415,user415@example.com,2025-10-18 14:23:21.681529
416,User 416,user416@example.com,2025-10-21 14:23:21.681530
417,User 417,user417@example.com,2025-04-29 14:23:21.681532
418,User 418,user418@example.com,2025-02-18 14:23:21.681533
419,User 419,user419@example.com,2025-02-03 14:23:21.681535
420,User 420,user420@example.com,2025-09-20 14:23:21.681536
421,User 421,user421@example.com,2025-11-17 14:23:21.681537
422,User 422,user422@example.com,2025-04-26 14:23:21.681538
423,User 423,user423@example.com,2025-08-30 14:23:21.681538
424,User 424,user424@example.com,2025-06-23 14:23:21.681539
425,User 425,user425@example.com,2025-05-02 14:23:21.681540
426,User 426,user426@example.com,2025-09-19 14:23:21.681541
427,User 427,user427@example.com,2025-04-10 14:23:21.681541
428,User 428,user428@example.com,2025-03-12 14:23:21.681542
429,User 429,user429@example.com,2025-07-15 14:23:21.681543
430,User 430,user430@example.com,2025-04-20 14:23:21.681544
431,User 431,user431@example.com,2025-07-06 14:23:21.681544
432,User 432,user432@example.com,2025-08-20 14:23:21.681545
433,User 433,user433@example.com,2025-12-11 14:23:21.681546
434,User 434,user434@example.com,2025-09-10 14:23:21.681547
435,User 435,user435@example.com,2025-07-04 14:23:21.681548
436,User 436,user436@example.com,2025-07-27 14:23:21.681548
437,User 437,user437@example.com,2025-09-11 14:23:21.681550
438,User 438,user438@example.com,2025-03-18 14:23:21.681550
439,User 439,user439@example.com,2025-03-12 14:23:21.681551
440,User 440,user440@example.com,2025-07-15 14:23:21.681552
441,User 441,user441@example.com,2025-02-07 14:23:21.681553
442,User 442,user442@example.com,2025-09-15 14:23:21.681554
443,User 443,user443@example.com,2025-05-04 14:23:21.681554
444,User 444,user444@example.com,2025-09-05 14:23:21.681555
445,User 445,user445@example.com,2025-04-15 14:23:21.681556
446,User 446,user446@example.com,2025-11-28 14:23:21.681557
447,User 447,user447@example.com,2025-07-29 14:23:21.681557
448,User 448,user448@example.com,2025-06-09 14:23:21.681558
449,User 449,user449@example.com,2025-11-19 14:23:21.681559
450,User 450,user450@example.com,2025-06-25 14:23:21.681559
451,User 451,user451@example.com,2025-09-07 14:23:21.681560
452,User 452,user452@example.com,2025-10-17 14:23:21.681561
453,User 453,user453@example.com,2025-09-03 14:23:21.681562
454,User 454,user454@example.com,2025-05-11 14:23:21.681562
455,User 455,user455@example.com,2025-05-20 14:23:21.681563
456,User 456,user456@example.com,2025-06-20 14:23:21.681564
457,User 457,user457@example.com,2025-08-24 14:23:21.681565
458,User 458,user458@example.com,2025-05-15 14:23:21.681566
459,User 459,user459@example.com,2025-11-08 14:23:21.681567
460,User 460,user460@example.com,2025-10-23 14:23:21.681567
461,User 461,user461@example.com,2025-11-13 14:23:21.681568
462,User 462,user462@example.com,2025-11-20 14:23:21.681569
463,User 463,user463@example.com,2025-01-22 14:23:21.681569
464,User 464,user464@example.com,2025-04-05 14:23:21.681570
465,User 465,user465@example.com,2025-11-03 14:23:21.681571
466,User 466,user466@example.com,2025-09-05 14:23:21.681572
467,User 467,user467@example.com,2025-05-26 14:23:21.681573
468,User 468,user468@example.com,2025-10-13 14:23:21.681573
469,User 469,user469@example.com,2025-02-16 14:23:21.681574
470,User 470,user470@example.com,2025-03-26 14:23:21.681575
471,User 471,user471@example.com,2025-01-09 14:23:21.681576
472,User 472,user472@example.com,2025-06-23 14:23:21.681576
473,User 473,user473@example.com,2025-01-12 14:23:21.681577
474,User 474,user474@example.com,2025-01-25 14:23:21.681578
475,User 475,user475@example.com,2025-08-20 14:23:21.681579
476,User 476,user476@example.com,2025-10-18 14:23:21.681580
477,User 477,user477@example.com,2025-12-19 14:23:21.681580
478,User 478,user478@example.com,2025-08-16 14:23:21.681581
479,User 479,user479@example.com,2025-12-10 14:23:21.681582
480,User 480,user480@example.com,2025-01-09 14:23:21.681582
481,User 481,user481@example.com,2025-04-29 14:23:21.681583
482,User 482,user482@example.com,2025-10-22 14:23:21.681584
483,User 483,user483@example.com,2025-09-26 14:23:21.681585
484,User 484,user484@example.com,2025-08-25 14:23:21.681586
485,User 485,user485@example.com,2025-09-18 14:23:21.681586
486,User 486,user486@example.com,2025-04-22 14:23:21.681587
487,User 487,user487@example.com,2025-08-31 14:23:21.681588
488,User 488,user488@example.com,2025-08-27 14:23:21.681589
489,User 489,user489@example.com,2025-09-04 14:23:21.681589
490,User 490,user490@example.com,2025-11-24 14:23:21.681590
491,User 491,user491@example.com,2025-04-13 14:23:21.681591
492,User 492,user492@example.com,2025-10-24 14:23:21.681592
493,User 493,user493@example.com,2025-10-11 14:23:21.681592
494,User 494,user494@example.com,2025-02-08 14:23:21.681593
495,User 495,user495@example.com,2025-01-03 14:23:21.681594
496,User 496,user496@example.com,2025-07-12 14:23:21.681595
497,User 497,user497@example.com,2025-12-16 14:23:21.681596
498,User 498,user498@example.com,2025-01-31 14:23:21.681596
499,User 499,user499@example.com,2026-01-01 14:23:21.681597
500,User 500,user500@example.com,2025-12-09 14:23:21.681598
501,User 501,user501@example.com,2025-08-21 14:23:21.681599
502,User 502,user502@example.com,2025-01-08 14:23:21.681600
503,User 503,user503@example.com,2025-12-21 14:23:21.681600
504,User 504,user504@example.com,2025-04-12 14:23:21.681601
505,User 505,user505@example.com,2025-02-20 14:23:21.681602
506,User 506,user506@example.com,2025-08-06 14:23:21.681603
507,User 507,user507@example.com,2025-12-20 14:23:21.681604
508,User 508,user508@example.com,2025-03-30 14:23:21.681604
509,User 509,user509@example.com,2025-10-06 14:23:21.681605
510,User 510,user510@example.com,2025-09-04 14:23:21.681606
511,User 511,user511@example.com,2025-11-15 14:23:21.681607
512,User 512,user512@example.com,2025-10-18 14:23:21.681607
513,User 513,user513@example.com,2025-11-13 14:23:21.681608
514,User 514,user514@example.com,2025-08-25 14:23:21.681609
515,User 515,user515@example.com,2025-01-12 14:23:21.681610
516,User 516,user516@example.com,2025-10-02 14:23:21.681611
517,User 517,user517@example.com,2026-01-03 14:23:21.681611
518,User 518,user518@example.com,2025-03-06 14:23:21.681612
519,User 519,user519@example.com,2025-02-25 14:23:21.681613
520,User 520,user520@example.com,2025-09-13 14:23:21.681614
521,User 521,user521@example.com,2025-08-02 14:23:21.681615
522,User 522,user522@example.com,2025-02-26 14:23:21.681616
523,User 523,user523@example.com,2025-04-24 14:23:21.681617
524,User 524,user524@example.com,2025-02-09 14:23:21.681618
525,User 525,user525@example.com,2025-12-17 14:23:21.681618
526,User 526,user526@example.com,2025-12-30 14:23:21.681619
527,User 527,user527@example.com,2025-05-18 14:23:21.681620
528,User 528,user528@example.com,2025-01-09 14:23:21.681621
529,User 529,user529@example.com,2025-08-06 14:23:21.681621
530,User 530,user530@example.com,2025-04-24 14:23:21.681622
531,User 531,user531@example.com,2025-04-14 14:23:21.681623
532,User 532,user532@example.com,2025-11-08 14:23:21.681624
533,User 533,user533@example.com,2025-02-13 14:23:21.681625
534,User 534,user534@example.com,2025-08-10 14:23:21.681625
535,User 535,user535@example.com,2025-04-03 14:23:21.681626
536,User 536,user536@example.com,2025-09-23 14:23:21.681627
537,User 537,user537@example.com,2025-08-20 14:23:21.681628
538,User 538,user538@example.com,2025-02-20 14:23:21.681628
539,User 539,user539@example.com,2025-03-25 14:23:21.681629
540,User 540,user540@example.com,2025-04-03 14:23:21.681630
541,User 541,user541@example.com,2025-02-06 14:23:21.681631
542,User 542,user542@example.com,2025-08-31 14:23:21.681632
543,User 543,user543@example.com,2025-12-19 14:23:21.681632
544,User 544,user544@example.com,2025-12-24 14:23:21.681633
545,User 545,user545@example.com,2025-09-26 14:23:21.681634
546,User 546,user546@example.com,2025-04-19 14:23:21.681635
547,User 547,user547@example.com,2025-08-16 14:23:21.681636
548,User 548,user548@example.com,2025-12-21 14:23:21.681636
549,User 549,user549@example.com,2025-02-05 14:23:21.681637
550,User 550,user550@example.com,2025-04-19 14:23:21.681638
551,User 551,user551@example.com,2025-08-17 14:23:21.681639
552,User 552,user552@example.com,2026-01-02 14:23:21.681639
553,User 553,user553@example.com,2025-08-14 14:23:21.681640
554,User 554,user554@example.com,2025-01-20 14:23:21.681641
555,User 555,user555@example.com,2025-05-19 14:23:21.681642
556,User 556,user556@example.com,2025-02-20 14:23:21.681643
557,User 557,user557@example.com,2025-12-28 14:23:21.681643
558,User 558,user558@example.com,2025-03-30 14:23:21.681644
559,User 559,user559@example.com,2025-06-08 14:23:21.681645
560,User 560,user560@example.com,2025-05-23 14:23:21.681646
561,User 561,user561@example.com,2025-11-24 14:23:21.681647
562,User 562,user562@example.com,2025-03-13 14:23:21.681647
563,User 563,user563@example.com,2025-06-25 14:23:21.681648
564,User 564,user564@example.com,2025-01-26 14:23:21.681649
565,User 565,user565@example.com,2025-02-22 14:23:21.681650
566,User 566,user566@example.com,2025-04-25 14:23:21.681650
567,User 567,user567@example.com,2025-03-07 14:23:21.681651
568,User 568,user568@example.com,2025-11-03 14:23:21.681652
569,User 569,user569@example.com,2025-10-11 14:23:21.681653
570,User 570,user570@example.com,2025-10-04 14:23:21.681653
571,User 571,user571@example.com,2025-06-12 14:23:21.681654
572,User 572,user572@example.com,2025-05-30 14:23:21.681655
573,User 573,user573@example.com,2025-08-14 14:23:21.681656
574,User 574,user574@example.com,2025-03-17 14:23:21.681657
575,User 575,user575@example.com,2025-02-19 14:23:21.681657
576,User 576,user576@example.com,2025-12-25 14:23:21.681658
577,User 577,user577@example.com,2025-07-07 14:23:21.681659
578,User 578,user578@example.com,2025-04-03 14:23:21.681660
579,User 579,user579@example.com,2025-05-27 14:23:21.681661
580,User 580,user580@example.com,2025-09-28 14:23:21.681661
581,User 581,user581@example.com,2025-09-17 14:23:21.681662
582,User 582,user582@example.com,2025-05-19 14:23:21.681663
583,User 583,user583@example.com,2025-03-04 14:23:21.681664
584,User 584,user584@example.com,2025-10-14 14:23:21.681665
585,User 585,user585@example.com,2025-09-20 14:23:21.681665
586,User 586,user586@example.com,2025-10-13 14:23:21.681666
587,User 587,user587@example.com,2025-03-19 14:23:21.681667
588,User 588,user588@example.com,2025-06-10 14:23:21.681668
589,User 589,user589@example.com,2025-01-29 14:23:21.681668
590,User 590,user590@example.com,2025-10-04 14:23:21.681669
591,User 591,user591@example.com,2025-03-24 14:23:21.681670
592,User 592,user592@example.com,2025-11-13 14:23:21.681671
593,User 593,user593@example.com,2025-01-27 14:23:21.681671
594,User 594,user594@example.com,2025-09-05 14:23:21.681673
595,User 595,user595@example.com,2025-04-10 14:23:21.681673
596,User 596,user596@example.com,2025-03-28 14:23:21.681674
597,User 597,user597@example.com,2025-07-08 14:23:21.681675
598,User 598,user598@example.com,2025-09-05 14:23:21.681676
599,User 599,user599@example.com,2025-10-02 14:23:21.681676
600,User 600,user600@example.com,2025-03-30 14:23:21.681677
601,User 601,user601@example.com,2025-04-28 14:23:21.681678
602,User 602,user602@example.com,2025-01-16 14:23:21.681679
603,User 603,user603@example.com,2025-02-04 14:23:21.681680
604,User 604,user604@example.com,2025-08-16 14:23:21.681680
605,User 605,user605@example.com,2025-01-06 14:23:21.681681
606,User 606,user606@example.com,2025-08-09 14:23:21.681682
607,User 607,user607@example.com,2025-01-19 14:23:21.681683
608,User 608,user608@example.com,2025-02-13 14:23:21.681683
609,User 609,user609@example.com,2025-02-17 14:23:21.681684
610,User 610,user610@example.com,2025-02-20 14:23:21.681685
611,User 611,user611@example.com,2025-06-04 14:23:21.681686
612,User 612,user612@example.com,2025-06-24 14:23:21.681687
613,User 613,user613@example.com,2025-01-07 14:23:21.681687
614,User 614,user614@example.com,2025-10-27 14:23:21.681688
615,User 615,user615@example.com,2025-03-18 14:23:21.681689
616,User 616,user616@example.com,2025-10-08 14:23:21.681690
617,User 617,user617@example.com,2025-08-27 14:23:21.681690
618,User 618,user618@example.com,2025-05-21 14:23:21.681691
619,User 619,user619@example.com,2025-02-17 14:23:21.681692
620,User 620,user620@example.com,2025-04-04 14:23:21.681693
621,User 621,user621@example.com,2025-01-09 14:23:21.681694
622,User 622,user622@example.com,2025-01-28 14:23:21.681694
623,User 623,user623@example.com,2025-10-04 14:23:21.681695
624,User 624,user624@example.com,2025-12-17 14:23:21.681696
625,User 625,user625@example.com,2025-10-25 14:23:21.681697
626,User 626,user626@example.com,2025-08-21 14:23:21.681697
627,User 627,user627@example.com,2025-01-25 14:23:21.681698
628,User 628,user628@example.com,2025-09-23 14:23:21.681699
629,User 629,user629@example.com,2025-05-16 14:23:21.681700
630,User 630,user630@example.com,2025-08-15 14:23:21.681700
631,User 631,user631@example.com,2025-12-09 14:23:21.681701
632,User 632,user632@example.com,2025-04-04 14:23:21.681702
633,User 633,user633@example.com,2025-12-18 14:23:21.681703
634,User 634,user634@example.com,2025-06-23 14:23:21.681703
635,User 635,user635@example.com,2025-10-25 14:23:21.681704
636,User 636,user636@example.com,2025-02-28 14:23:21.681705
637,User 637,user637@example.com,2025-09-04 14:23:21.681706
638,User 638,user638@example.com,2025-08-13 14:23:21.681706
639,User 639,user639@example.com,2025-11-12 14:23:21.681707
640,User 640,user640@example.com,2025-10-22 14:23:21.681708
641,User 641,user641@example.com,2025-09-01 14:23:21.681709
642,User 642,user642@example.com,2025-11-17 14:23:21.681709
643,User 643,user643@example.com,2025-04-01 14:23:21.681710
644,User 644,user644@example.com,2025-11-24 14:23:21.681711
645,User 645,user645@example.com,2025-10-17 14:23:21.681712
646,User 646,user646@example.com,2025-11-19 14:23:21.681712
647,User 647,user647@example.com,2025-03-01 14:23:21.681713
648,User 648,user648@example.com,2025-02-08 14:23:21.681714
649,User 649,user649@example.com,2025-01-31 14:23:21.681715
650,User 650,user650@example.com,2025-02-15 14:23:21.681716
651,User 651,user651@example.com,2025-10-18 14:23:21.681716
652,User 652,user652@example.com,2025-04-16 14:23:21.681717
653,User 653,user653@example.com,2025-09-08 14:23:21.681718
654,User 654,user654@example.com,2025-07-09 14:23:21.681719
655,User 655,user655@example.com,2025-05-09 14:23:21.681719
656,User 656,user656@example.com,2025-10-24 14:23:21.681720
657,User 657,user657@example.com,2025-12-21 14:23:21.681721
658,User 658,user658@example.com,2025-11-20 14:23:21.681722
659,User 659,user659@example.com,2025-06-25 14:23:21.681722
660,User 660,user660@example.com,2025-04-16 14:23:21.681723
661,User 661,user661@example.com,2025-09-26 14:23:21.681724
662,User 662,user662@example.com,2025-03-24 14:23:21.681725
663,User 663,user663@example.com,2025-08-21 14:23:21.681726
664,User 664,user664@example.com,2025-10-27 14:23:21.681726
665,User 665,user665@example.com,2025-08-04 14:23:21.681727
666,User 666,user666@example.com,2025-07-24 14:23:21.681728
667,User 667,user667@example.com,2025-02-20 14:23:21.681729
668,User 668,user668@example.com,2025-12-23 14:23:21.681731
669,User 669,user669@example.com,2025-02-01 14:23:21.681732
670,User 670,user670@example.com,2025-05-13 14:23:21.681733
671,User 671,user671@example.com,2025-05-21 14:23:21.681733
672,User 672,user672@example.com,2025-04-14 14:23:21.681734
673,User 673,user673@example.com,2025-06-14 14:23:21.681735
674,User 674,user674@example.com,2025-08-06 14:23:21.681736
675,User 675,user675@example.com,2025-10-09 14:23:21.681737
676,User 676,user676@example.com,2025-03-26 14:23:21.681738
677,User 677,user677@example.com,2025-06-18 14:23:21.681739
678,User 678,user678@example.com,2025-06-05 14:23:21.681739
679,User 679,user679@example.com,2025-04-19 14:23:21.681740
680,User 680,user680@example.com,2025-08-11 14:23:21.681741
681,User 681,user681@example.com,2025-11-05 14:23:21.681742
682,User 682,user682@example.com,2025-06-09 14:23:21.681743
683,User 683,user683@example.com,2025-06-12 14:23:21.681743
684,User 684,user684@example.com,2025-02-21 14:23:21.681744
685,User 685,user685@example.com,2025-11-23 14:23:21.681745
686,User 686,user686@example.com,2025-04-25 14:23:21.681746
687,User 687,user687@example.com,2025-10-12 14:23:21.681746
688,User 688,user688@example.com,2025-12-05 14:23:21.681747
689,User 689,user689@example.com,2025-09-09 14:23:21.681748
690,User 690,user690@example.com,2025-06-23 14:23:21.681749
691,User 691,user691@example.com,2025-09-21 14:23:21.681750
692,User 692,user692@example.com,2025-12-26 14:23:21.681750
693,User 693,user693@example.com,2025-11-08 14:23:21.681751
694,User 694,user694@example.com,2025-04-29 14:23:21.681752
695,User 695,user695@example.com,2025-06-21 14:23:21.681752
696,User 696,user696@example.com,2025-09-22 14:23:21.681753
697,User 697,user697@example.com,2025-12-10 14:23:21.681754
698,User 698,user698@example.com,2025-02-17 14:23:21.681755
699,User 699,user699@example.com,2025-11-11 14:23:21.681755
700,User 700,user700@example.com,2025-08-23 14:23:21.681756
701,User 701,user701@example.com,2025-11-28 14:23:21.681757
702,User 702,user702@example.com,2025-05-28 14:23:21.681758
703,User 703,user703@example.com,2025-01-18 14:23:21.681758
704,User 704,user704@example.com,2025-03-04 14:23:21.681759
705,User 705,user705@example.com,2025-05-10 14:23:21.681760
706,User 706,user706@example.com,2025-01-23 14:23:21.681761
707,User 707,user707@example.com,2025-10-20 14:23:21.681762
708,User 708,user708@example.com,2025-04-17 14:23:21.681762
709,User 709,user709@example.com,2025-02-10 14:23:21.681763
710,User 710,user710@example.com,2025-08-21 14:23:21.681764
711,User 711,user711@example.com,2025-05-14 14:23:21.681765
712,User 712,user712@example.com,2025-03-08 14:23:21.681766
713,User 713,user713@example.com,2025-10-19 14:23:21.681766
714,User 714,user714@example.com,2025-08-26 14:23:21.681767
715,User 715,user715@example.com,2025-05-04 14:23:21.681768
716,User 716,user716@example.com,2025-08-28 14:23:21.681769
717,User 717,user717@example.com,2025-07-08 14:23:21.681770
718,User 718,user718@example.com,2025-03-04 14:23:21.681770
719,User 719,user719@example.com,2025-12-05 14:23:21.681771
720,User 720,user720@example.com,2025-12-08 14:23:21.681772
721,User 721,user721@example.com,2025-07-02 14:23:21.681773
722,User 722,user722@example.com,2025-09-24 14:23:21.681773
723,User 723,user723@example.com,2025-06-04 14:23:21.681774
724,User 724,user724@example.com,2025-09-06 14:23:21.681775
725,User 725,user725@example.com,2025-11-23 14:23:21.681776
726,User 726,user726@example.com,2025-05-01 14:23:21.681776
727,User 727,user727@example.com,2025-12-15 14:23:21.681777
728,User 728,user728@example.com,2026-01-02 14:23:21.681778
729,User 729,user729@example.com,2025-10-04 14:23:21.681779
730,User 730,user730@example.com,2025-04-27 14:23:21.681779
731,User 731,user731@example.com,2025-02-26 14:23:21.681780
732,User 732,user732@example.com,2025-04-22 14:23:21.681781
733,User 733,user733@example.com,2025-02-04 14:23:21.681782
734,User 734,user734@example.com,2025-11-13 14:23:21.681782
735,User 735,user735@example.com,2025-01-18 14:23:21.681783
736,User 736,user736@example.com,2025-07-12 14:23:21.681784
737,User 737,user737@example.com,2025-12-29 14:23:21.681785
738,User 738,user738@example.com,2025-12-25 14:23:21.681785
739,User 739,user739@example.com,2025-03-15 14:23:21.681786
740,User 740,user740@example.com,2025-10-23 14:23:21.681787
741,User 741,user741@example.com,2025-05-29 14:23:21.681788
742,User 742,user742@example.com,2025-05-20 14:23:21.681789
743,User 743,user743@example.com,2025-12-12 14:23:21.681789
744,User 744,user744@example.com,2025-02-04 14:23:21.681790
745,User 745,user745@example.com,2025-07-26 14:23:21.681791
746,User 746,user746@example.com,2025-09-26 14:23:21.681792
747,User 747,user747@example.com,2025-03-31 14:23:21.681792
748,User 748,user748@example.com,2025-10-10 14:23:21.681793
749,User 749,user749@example.com,2025-10-28 14:23:21.681794
750,User 750,user750@example.com,2025-03-29 14:23:21.681795
751,User 751,user751@example.com,2025-07-31 14:23:21.681796
752,User 752,user752@example.com,2025-06-02 14:23:21.681798
753,User 753,user753@example.com,2025-03-08 14:23:21.681798
754,User 754,user754@example.com,2025-09-28 14:23:21.681799
755,User 755,user755@example.com,2025-02-21 14:23:21.681800
756,User 756,user756@example.com,2025-07-03 14:23:21.681801
757,User 757,user757@example.com,2025-07-22 14:23:21.681801
758,User 758,user758@example.com,2025-07-08 14:23:21.681802
759,User 759,user759@example.com,2025-10-27 14:23:21.681803
760,User 760,user760@example.com,2025-12-27 14:23:21.681804
761,User 761,user761@example.com,2025-01-15 14:23:21.681805
762,User 762,user762@example.com,2025-10-11 14:23:21.681808
763,User 763,user763@example.com,2025-04-08 14:23:21.681808
764,User 764,user764@example.com,2025-04-21 14:23:21.681809
765,User 765,user765@example.com,2025-12-13 14:23:21.681810
766,User 766,user766@example.com,2025-01-29 14:23:21.681811
767,User 767,user767@example.com,2025-12-31 14:23:21.681811
768,User 768,user768@example.com,2025-11-14 14:23:21.681812
769,User 769,user769@example.com,2025-05-17 14:23:21.681813
770,User 770,user770@example.com,2025-09-14 14:23:21.681814
771,User 771,user771@example.com,2025-01-14 14:23:21.681814
772,User 772,user772@example.com,2025-04-27 14:23:21.681815
773,User 773,user773@example.com,2025-12-17 14:23:21.681816
774,User 774,user774@example.com,2025-03-10 14:23:21.681817
775,User 775,user775@example.com,2025-12-05 14:23:21.681817
776,User 776,user776@example.com,2025-01-03 14:23:21.681818
777,User 777,user777@example.com,2025-07-09 14:23:21.681819
778,User 778,user778@example.com,2025-05-06 14:23:21.681820
779,User 779,user779@example.com,2025-02-24 14:23:21.681821
780,User 780,user780@example.com,2025-07-21 14:23:21.681821
781,User 781,user781@example.com,2025-08-01 14:23:21.681822
782,User 782,user782@example.com,2025-06-11 14:23:21.681823
783,User 783,user783@example.com,2025-09-22 14:23:21.681824
784,User 784,user784@example.com,2025-10-01 14:23:21.681825
785,User 785,user785@example.com,2025-07-19 14:23:21.681825
786,User 786,user786@example.com,2025-01-09 14:23:21.681826
787,User 787,user787@example.com,2025-02-15 14:23:21.681827
788,User 788,user788@example.com,2025-07-24 14:23:21.681828
789,User 789,user789@example.com,2025-01-10 14:23:21.681829
790,User 790,user790@example.com,2025-02-09 14:23:21.681829
791,User 791,user791@example.com,2025-08-21 14:23:21.681830
792,User 792,user792@example.com,2025-06-15 14:23:21.681831
793,User 793,user793@example.com,2025-08-26 14:23:21.681832
794,User 794,user794@example.com,2025-09-27 14:23:21.681832
795,User 795,user795@example.com,2025-05-05 14:23:21.681833
796,User 796,user796@example.com,2025-10-18 14:23:21.681834
797,User 797,user797@example.com,2025-10-15 14:23:21.681835
798,User 798,user798@example.com,2025-12-15 14:23:21.681835
799,User 799,user799@example.com,2025-08-21 14:23:21.681836
800,User 800,user800@example.com,2025-05-15 14:23:21.681837
801,User 801,user801@example.com,2025-03-07 14:23:21.681838
802,User 802,user802@example.com,2025-02-11 14:23:21.681838
803,User 803,user803@example.com,2025-12-16 14:23:21.681839
804,User 804,user804@example.com,2025-05-16 14:23:21.681840
805,User 805,user805@example.com,2025-04-13 14:23:21.681841
806,User 806,user806@example.com,2025-08-10 14:23:21.681842
807,User 807,user807@example.com,2025-07-30 14:23:21.681842
808,User 808,user808@example.com,2025-10-18 14:23:21.681843
809,User 809,user809@example.com,2025-03-21 14:23:21.681844
810,User 810,user810@example.com,2025-12-07 14:23:21.681845
811,User 811,user811@example.com,2025-05-31 14:23:21.681846
812,User 812,user812@example.com,2025-03-10 14:23:21.681846
813,User 813,user813@example.com,2025-12-29 14:23:21.681847
814,User 814,user814@example.com,2025-03-14 14:23:21.681848
815,User 815,user815@example.com,2025-05-04 14:23:21.681849
816,User 816,user816@example.com,2025-10-19 14:23:21.681849
817,User 817,user817@example.com,2025-03-15 14:23:21.681850
818,User 818,user818@example.com,2025-01-25 14:23:21.681851
819,User 819,user819@example.com,2025-05-01 14:23:21.681852
820,User 820,user820@example.com,2025-12-15 14:23:21.681852
821,User 821,user821@example.com,2025-04-18 14:23:21.681853
822,User 822,user822@example.com,2025-04-03 14:23:21.681854
823,User 823,user823@example.com,2025-08-30 14:23:21.681855
824,User 824,user824@example.com,2025-10-30 14:23:21.681856
825,User 825,user825@example.com,2025-06-18 14:23:21.681856
826,User 826,user826@example.com,2025-01-24 14:23:21.681857
827,User 827,user827@example.com,2025-03-20 14:23:21.681858
828,User 828,user828@example.com,2025-07-09 14:23:21.681859
829,User 829,user829@example.com,2025-06-18 14:23:21.681860
830,User 830,user830@example.com,2025-02-15 14:23:21.681860
831,User 831,user831@example.com,2025-04-14 14:23:21.681861
832,User 832,user832@example.com,2025-09-01 14:23:21.681862
833,User 833,user833@example.com,2025-12-03 14:23:21.681863
834,User 834,user834@example.com,2025-11-16 14:23:21.681863
835,User 835,user835@example.com,2025-11-22 14:23:21.681864
836,User 836,user836@example.com,2025-08-02 14:23:21.681865
837,User 837,user837@example.com,2025-10-15 14:23:21.681867
838,User 838,user838@example.com,2025-02-03 14:23:21.681868
839,User 839,user839@example.com,2025-04-16 14:23:21.681869
840,User 840,user840@example.com,2025-05-30 14:23:21.681870
841,User 841,user841@example.com,2025-08-21 14:23:21.681870
842,User 842,user842@example.com,2025-04-23 14:23:21.681871
843,User 843,user843@example.com,2025-06-26 14:23:21.681872
844,User 844,user844@example.com,2025-04-06 14:23:21.681873
845,User 845,user845@example.com,2025-07-12 14:23:21.681873
846,User 846,user846@example.com,2025-03-05 14:23:21.681874
847,User 847,user847@example.com,2025-10-12 14:23:21.681875
848,User 848,user848@example.com,2025-06-15 14:23:21.681876
849,User 849,user849@example.com,2025-11-10 14:23:21.681876
850,User 850,user850@example.com,2025-11-05 14:23:21.681877
851,User 851,user851@example.com,2025-07-29 14:23:21.681878
852,User 852,user852@example.com,2025-07-31 14:23:21.681879
853,User 853,user853@example.com,2025-08-19 14:23:21.681880
854,User 854,user854@example.com,2025-10-17 14:23:21.681880
855,User 855,user855@example.com,2025-05-07 14:23:21.681881
856,User 856,user856@example.com,2025-03-02 14:23:21.681882
857,User 857,user857@example.com,2025-11-27 14:23:21.681883
858,User 858,user858@example.com,2025-08-04 14:23:21.681883
859,User 859,user859@example.com,2025-08-15 14:23:21.681884
860,User 860,user860@example.com,2025-12-30 14:23:21.681885
861,User 861,user861@example.com,2025-03-18 14:23:21.681886
862,User 862,user862@example.com,2025-09-05 14:23:21.681887
863,User 863,user863@example.com,2025-09-23 14:23:21.681887
864,User 864,user864@example.com,2025-06-24 14:23:21.681888
865,User 865,user865@example.com,2025-05-04 14:23:21.681889
866,User 866,user866@example.com,2025-04-02 14:23:21.681890
867,User 867,user867@example.com,2025-04-10 14:23:21.681891
868,User 868,user868@example.com,2025-04-06 14:23:21.681891
869,User 869,user869@example.com,2025-01-04 14:23:21.681892
870,User 870,user870@example.com,2025-08-08 14:23:21.681893
871,User 871,user871@example.com,2025-05-01 14:23:21.681894
872,User 872,user872@example.com,2025-10-09 14:23:21.681894
873,User 873,user873@example.com,2025-12-01 14:23:21.681895
874,User 874,user874@example.com,2025-03-30 14:23:21.681896
875,User 875,user875@example.com,2025-04-10 14:23:21.681897
876,User 876,user876@example.com,2025-10-06 14:23:21.681898
877,User 877,user877@example.com,2025-05-09 14:23:21.681898
878,User 878,user878@example.com,2025-11-27 14:23:21.681899
879,User 879,user879@example.com,2025-02-10 14:23:21.681900
880,User 880,user880@example.com,2025-09-19 14:23:21.681901
881,User 881,user881@example.com,2025-03-02 14:23:21.681901
882,User 882,user882@example.com,2025-04-09 14:23:21.681902
883,User 883,user883@example.com,2025-12-08 14:23:21.681903
884,User 884,user884@example.com,2025-11-27 14:23:21.681904
885,User 885,user885@example.com,2025-07-21 14:23:21.681905
886,User 886,user886@example.com,2025-12-16 14:23:21.681905
887,User 887,user887@example.com,2025-03-31 14:23:21.681906
888,User 888,user888@example.com,2025-12-13 14:23:21.681907
889,User 889,user889@example.com,2025-03-20 14:23:21.681908
890,User 890,user890@example.com,2025-04-16 14:23:21.681909
891,User 891,user891@example.com,2025-07-07 14:23:21.681910
892,User 892,user892@example.com,2025-02-07 14:23:21.681910
893,User 893,user893@example.com,2025-05-01 14:23:21.681911
894,User 894,user894@example.com,2025-03-31 14:23:21.681912
895,User 895,user895@example.com,2025-12-05 14:23:21.681913
896,User 896,user896@example.com,2025-04-25 14:23:21.681913
897,User 897,user897@example.com,2025-11-06 14:23:21.681914
898,User 898,user898@example.com,2025-05-20 14:23:21.681915
899,User 899,user899@example.com,2025-12-15 14:23:21.681916
900,User 900,user900@example.com,2025-09-06 14:23:21.681916
901,User 901,user901@example.com,2025-07-14 14:23:21.681917
902,User 902,user902@example.com,2025-01-17 14:23:21.681918
903,User 903,user903@example.com,2025-08-26 14:23:21.681919
904,User 904,user904@example.com,2025-01-20 14:23:21.681919
905,User 905,user905@example.com,2025-08-03 14:23:21.681920
906,User 906,user906@example.com,2025-10-26 14:23:21.681928
907,User 907,user907@example.com,2025-11-19 14:23:21.681929
908,User 908,user908@example.com,2025-02-04 14:23:21.681930
909,User 909,user909@example.com,2025-05-19 14:23:21.681931
910,User 910,user910@example.com,2025-03-23 14:23:21.681932
911,User 911,user911@example.com,2025-03-15 14:23:21.681932
912,User 912,user912@example.com,2025-01-20 14:23:21.681933
913,User 913,user913@example.com,2025-04-15 14:23:21.681934
914,User 914,user914@example.com,2025-06-03 14:23:21.681935
915,User 915,user915@example.com,2025-11-24 14:23:21.681935
916,User 916,user916@example.com,2025-01-15 14:23:21.681936
917,User 917,user917@example.com,2025-05-15 14:23:21.681937
918,User 918,user918@example.com,2025-01-15 14:23:21.681938
919,User 919,user919@example.com,2025-11-29 14:23:21.681938
920,User 920,user920@example.com,2025-04-25 14:23:21.681939
921,User 921,user921@example.com,2025-10-16 14:23:21.681940
922,User 922,user922@example.com,2025-10-01 14:23:21.681942
923,User 923,user923@example.com,2025-09-24 14:23:21.681943
924,User 924,user924@example.com,2025-05-01 14:23:21.681944
925,User 925,user925@example.com,2025-04-07 14:23:21.681945
926,User 926,user926@example.com,2025-08-30 14:23:21.681945
927,User 927,user927@example.com,2025-09-07 14:23:21.681946
928,User 928,user928@example.com,2025-07-09 14:23:21.681947
929,User 929,user929@example.com,2025-11-14 14:23:21.681948
930,User 930,user930@example.com,2025-08-05 14:23:21.681948
931,User 931,user931@example.com,2025-11-21 14:23:21.681949
932,User 932,user932@example.com,2025-09-19 14:23:21.681950
933,User 933,user933@example.com,2025-01-05 14:23:21.681951
934,User 934,user934@example.com,2025-12-10 14:23:21.681951
935,User 935,user935@example.com,2025-02-02 14:23:21.681952
936,User 936,user936@example.com,2025-01-20 14:23:21.681953
937,User 937,user937@example.com,2025-02-06 14:23:21.681954
938,User 938,user938@example.com,2025-10-24 14:23:21.681955
939,User 939,user939@example.com,2025-07-18 14:23:21.681955
940,User 940,user940@example.com,2025-10-15 14:23:21.681956
941,User 941,user941@example.com,2025-03-19 14:23:21.681957
942,User 942,user942@example.com,2025-06-04 14:23:21.681958
943,User 943,user943@example.com,2025-10-24 14:23:21.681959
944,User 944,user944@example.com,2025-06-29 14:23:21.681959
945,User 945,user945@example.com,2025-10-05 14:23:21.681960
946,User 946,user946@example.com,2025-04-14 14:23:21.681961
947,User 947,user947@example.com,2025-05-29 14:23:21.681962
948,User 948,user948@example.com,2025-02-28 14:23:21.681962
949,User 949,user949@example.com,2025-02-02 14:23:21.681963
950,User 950,user950@example.com,2025-04-01 14:23:21.681964
951,User 951,user951@example.com,2025-01-15 14:23:21.681965
952,User 952,user952@example.com,2025-10-18 14:23:21.681966
953,User 953,user953@example.com,2025-10-31 14:23:21.681966
954,User 954,user954@example.com,2025-04-12 14:23:21.681967
955,User 955,user955@example.com,2025-08-30 14:23:21.681968
956,User 956,user956@example.com,2025-11-17 14:23:21.681969
957,User 957,user957@example.com,2025-08-21 14:23:21.681970
958,User 958,user958@example.com,2025-06-07 14:23:21.681970
959,User 959,user959@example.com,2025-07-22 14:23:21.681971
960,User 960,user960@example.com,2025-01-03 14:23:21.681972
961,User 961,user961@example.com,2025-10-22 14:23:21.681973
962,User 962,user962@example.com,2025-11-17 14:23:21.681973
963,User 963,user963@example.com,2025-05-07 14:23:21.681974
964,User 964,user964@example.com,2025-08-22 14:23:21.681975
965,User 965,user965@example.com,2025-12-15 14:23:21.681975
966,User 966,user966@example.com,2025-08-30 14:23:21.681976
967,User 967,user967@example.com,2025-04-14 14:23:21.681977
968,User 968,user968@example.com,2025-07-11 14:23:21.681978
969,User 969,user969@example.com,2025-09-19 14:23:21.681979
970,User 970,user970@example.com,2025-06-02 14:23:21.681979
971,User 971,user971@example.com,2025-10-05 14:23:21.681980
972,User 972,user972@example.com,2025-02-21 14:23:21.681981
973,User 973,user973@example.com,2025-03-13 14:23:21.681982
974,User 974,user974@example.com,2025-05-05 14:23:21.681984
975,User 975,user975@example.com,2025-03-11 14:23:21.681985
976,User 976,user976@example.com,2025-06-25 14:23:21.681986
977,User 977,user977@example.com,2025-11-18 14:23:21.681987
978,User 978,user978@example.com,2025-10-01 14:23:21.681988
979,User 979,user979@example.com,2025-09-29 14:23:21.681988
980,User 980,user980@example.com,2025-10-13 14:23:21.681989
981,User 981,user981@example.com,2025-12-11 14:23:21.681990
982,User 982,user982@example.com,2025-10-02 14:23:21.681991
983,User 983,user983@example.com,2025-05-18 14:23:21.681991
984,User 984,user984@example.com,2025-05-28 14:23:21.681992
985,User 985,user985@example.com,2025-07-10 14:23:21.681993
986,User 986,user986@example.com,2025-02-20 14:23:21.681994
987,User 987,user987@example.com,2025-08-19 14:23:21.681994
988,User 988,user988@example.com,2025-12-09 14:23:21.681995
989,User 989,user989@example.com,2025-07-06 14:23:21.681996
990,User 990,user990@example.com,2025-08-28 14:23:21.681997
991,User 991,user991@example.com,2025-05-23 14:23:21.681998
992,User 992,user992@example.com,2025-11-21 14:23:21.681998
993,User 993,user993@example.com,2025-04-17 14:23:21.681999
994,User 994,user994@example.com,2025-04-02 14:23:21.682000
995,User 995,user995@example.com,2025-01-21 14:23:21.682001
996,User 996,user996@example.com,2025-12-18 14:23:21.682002
997,User 997,user997@example.com,2025-10-11 14:23:21.682002
998,User 998,user998@example.com,2025-11-28 14:23:21.682003
999,User 999,user999@example.com,2025-06-03 14:23:21.682004
1000,User 1000,user1000@example.com,2025-04-11 14:23:21.682005
